<?xml version="1.0" encoding="UTF-8"?>
<!DOCTYPE suite SYSTEM "https://testng.org/testng-1.0.dtd">
<suite parallel="classes" name="Suite1">
  <test thread-count="5" parallel="classes" name="Test1">
<groups>
<run>
<include name="Regression"></include>
<exclude name="Smoke"></exclude>
</run>
</groups>
    <classes>
      <class name="assignment4_TestNGTestCases.NegativeCases"/>
      <class name="assignment4_TestNGTestCases.PayBills"/>
    </classes>
  </test> <!-- Test1 -->
</suite> <!-- Suite1 -->
